ATP,Location,Tournament,Date,Series,Court,Surface,Round,Best of,Winner,Loser,WRank,LRank,WPts,LPts,W1,L1,W2,L2,W3,L3,W4,L4,W5,L5,Wsets,Lsets,Comment,B365W,B365L,EXW,EXL,LBW,LBL,PSW,PSL,MaxW,MaxL,AvgW,AvgL
39,London,Wimbledon,29/06/15,Grand Slam,Outdoor,Grass,1st Round,5,Broady L.,Matosevic M.,182,138,282,391,5,7,4,6,6,3,6,2,6,3,3,2,Completed,2.62,1.44,2.6,1.48,2.62,1.44,2.95,1.46,3,1.48,2.75,1.43
39,London,Wimbledon,29/06/15,Grand Slam,Outdoor,Grass,1st Round,5,Cilic M.,Moriya H.,9,174,3540,294,6,3,6,2,7,6,,,,,3,0,Completed,1.02,17,1.03,11,1.03,12,1.03,20,1.04,20,1.02,14.85
39,London,Wimbledon,29/06/15,Grand Slam,Outdoor,Grass,1st Round,5,Berankis R.,Haider-Maurer A.,90,57,577,857,6,2,5,2,,,,,,,1,0,Retired,1.5,2.5,1.52,2.45,1.53,2.38,1.54,2.66,1.57,2.7,1.51,2.54
39,London,Wimbledon,29/06/15,Grand Slam,Outdoor,Grass,1st Round,5,Thiem D.,Sela D.,30,85,1235,617,2,6,6,3,6,4,6,4,,,3,1,Completed,1.53,2.37,1.5,2.5,1.53,2.38,1.63,2.44,1.63,2.6,1.54,2.45
39,London,Wimbledon,29/06/15,Grand Slam,Outdoor,Grass,1st Round,5,Granollers M.,Tipsarevic J.,72,486,715,76,6,3,6,4,6,2,,,,,3,0,Completed,1.57,2.25,1.62,2.25,1.53,2.38,1.6,2.5,1.65,2.51,1.57,2.37
39,London,Wimbledon,29/06/15,Grand Slam,Outdoor,Grass,1st Round,5,Goffin D.,Zeballos H.,15,128,2010,431,7,6,6,1,6,1,,,,,3,0,Completed,1.11,6.5,1.13,5.5,1.11,6,1.13,7.22,1.14,7.5,1.11,6.22
39,London,Wimbledon,29/06/15,Grand Slam,Outdoor,Grass,1st Round,5,Verdasco F.,Klizan M.,43,39,1045,1100,4,6,6,2,6,3,6,7,13,11,3,2,Completed,1.28,3.5,1.28,3.5,1.3,3.4,1.32,3.74,1.33,3.75,1.29,3.52
39,London,Wimbledon,29/06/15,Grand Slam,Outdoor,Grass,1st Round,5,Kyrgios N.,Schwartzman D.,29,64,1245,760,6,0,6,2,7,6,,,,,3,0,Completed,1.04,13,1.05,9,1.04,11,1.06,12.5,1.06,13,1.04,10.78
39,London,Wimbledon,29/06/15,Grand Slam,Outdoor,Grass,1st Round,5,Mayer L.,Kokkinakis T.,21,71,1605,723,7,6,7,6,6,4,,,,,3,0,Completed,1.53,2.37,1.52,2.45,1.5,2.5,1.64,2.42,1.64,2.55,1.56,2.39
39,London,Wimbledon,29/06/15,Grand Slam,Outdoor,Grass,1st Round,5,Isner J.,Soeda G.,17,91,1890,575,7,6,6,4,6,4,,,,,3,0,Completed,1.06,10,1.08,7,1.07,7.5,1.09,9.16,1.09,10.4,1.07,8.44
39,London,Wimbledon,29/06/15,Grand Slam,Outdoor,Grass,1st Round,5,Djokovic N.,Kohlschreiber P.,1,33,13845,1195,6,4,6,4,6,4,,,,,3,0,Completed,1.03,15,1.01,12,1.03,12,1.05,13,1.05,16.5,1.03,12.4
39,London,Wimbledon,29/06/15,Grand Slam,Outdoor,Grass,1st Round,5,Nieminen J.,Hewitt L.,92,118,564,465,3,6,6,3,4,6,6,0,11,9,3,2,Completed,2.37,1.53,2.45,1.52,2.38,1.57,2.47,1.61,2.55,1.61,2.4,1.55
39,London,Wimbledon,29/06/15,Grand Slam,Outdoor,Grass,1st Round,5,Monaco J.,Mayer F.,35,294,1170,163,6,1,6,2,6,4,,,,,3,0,Completed,3.4,1.3,3.2,1.33,3,1.36,3.4,1.37,3.4,1.41,3.15,1.35
39,London,Wimbledon,29/06/15,Grand Slam,Outdoor,Grass,1st Round,5,Nishikori K.,Bolelli S.,5,55,5660,871,6,3,6,7,6,2,3,6,6,3,3,2,Completed,1.22,4,1.22,4,1.25,4,1.25,4.46,1.27,4.46,1.23,3.99
39,London,Wimbledon,29/06/15,Grand Slam,Outdoor,Grass,1st Round,5,Tomic B.,Struff J.L.,26,112,1355,478,6,3,3,6,2,6,6,2,6,3,3,2,Completed,1.16,5,1.17,4.75,1.14,5,1.16,6.17,1.18,6.71,1.15,5.21
39,London,Wimbledon,29/06/15,Grand Slam,Outdoor,Grass,1st Round,5,De Schepper K.,Smith J.P.,163,160,320,323,4,6,4,6,7,6,6,4,6,4,3,2,Completed,1.53,2.37,1.55,2.4,1.53,2.38,1.61,2.49,1.61,2.52,1.55,2.41
39,London,Wimbledon,29/06/15,Grand Slam,Outdoor,Grass,1st Round,5,Raonic M.,Gimeno-Traver D.,8,63,4440,763,6,2,6,3,3,6,7,6,,,3,1,Completed,1.02,17,1.03,10,1.02,15,1.03,17.5,1.04,20.25,1.02,14.66
39,London,Wimbledon,29/06/15,Grand Slam,Outdoor,Grass,1st Round,5,Haas T.,Lajovic D.,861,86,20,615,6,2,6,3,4,6,6,2,,,3,1,Completed,1.53,2.37,1.55,2.4,1.53,2.38,1.63,2.44,1.63,2.5,1.57,2.37
39,London,Wimbledon,29/06/15,Grand Slam,Outdoor,Grass,1st Round,5,Ebden M.,Rola B.,148,93,367,549,6,2,6,1,6,4,,,,,3,0,Completed,1.16,5,1.17,4.75,1.17,4.5,1.21,5,1.21,5.53,1.18,4.8
39,London,Wimbledon,29/06/15,Grand Slam,Outdoor,Grass,1st Round,5,Johnson S.,Lacko L.,52,94,895,548,6,3,6,7,4,6,6,1,6,4,3,2,Completed,1.36,3,1.33,3.2,1.36,3,1.33,3.64,1.41,3.64,1.34,3.21
39,London,Wimbledon,29/06/15,Grand Slam,Outdoor,Grass,1st Round,5,Estrella Burgos V.,Becker B.,48,51,941,905,5,7,6,1,6,4,6,4,,,3,1,Completed,1.83,1.83,1.82,1.9,1.91,1.8,2.02,1.88,2.06,1.93,1.91,1.85
39,London,Wimbledon,29/06/15,Grand Slam,Outdoor,Grass,1st Round,5,Giraldo S.,Souza J.,60,81,790,650,6,4,6,3,6,2,,,,,3,0,Completed,1.06,10,1.06,8.5,1.06,8,1.08,9.65,1.09,11,1.06,8.59
39,London,Wimbledon,29/06/15,Grand Slam,Outdoor,Grass,1st Round,5,Herbert P.H.,Chung H.,151,79,353,671,1,6,6,2,3,6,6,2,10,8,3,2,Completed,1.53,2.37,1.52,2.45,1.53,2.38,1.6,2.5,1.6,2.7,1.53,2.45
39,London,Wimbledon,29/06/15,Grand Slam,Outdoor,Grass,1st Round,5,Anderson K.,Pouille L.,14,96,2090,539,6,2,7,5,3,6,6,3,,,3,1,Completed,1.03,15,1.04,9,1.04,9,1.05,13,1.05,15.99,1.03,12.12
39,London,Wimbledon,29/06/15,Grand Slam,Outdoor,Grass,1st Round,5,Kudla D.,Cuevas P.,105,23,496,1502,6,7,4,6,6,3,6,2,6,2,3,2,Completed,1.57,2.25,1.6,2.3,1.57,2.25,1.68,2.34,1.69,2.38,1.62,2.26
39,London,Wimbledon,29/06/15,Grand Slam,Outdoor,Grass,1st Round,5,Zverev A.,Gabashvili T.,74,53,689,882,6,3,1,6,6,3,3,6,9,7,3,2,Completed,1.4,2.75,1.45,2.7,1.4,2.75,1.56,2.62,1.56,2.81,1.46,2.68
39,London,Wimbledon,29/06/15,Grand Slam,Outdoor,Grass,1st Round,5,Millman J.,Robredo T.,120,19,463,1710,6,2,6,3,6,4,,,,,3,0,Completed,3.75,1.25,3.5,1.28,3.5,1.29,3.74,1.32,3.8,1.32,3.54,1.28
39,London,Wimbledon,29/06/15,Grand Slam,Outdoor,Grass,1st Round,5,Wawrinka S.,Sousa J.,4,46,5790,986,6,2,7,5,7,6,,,,,3,0,Completed,1.07,9,1.08,7,1.08,8,1.09,9.45,1.09,9.45,1.07,7.9
39,London,Wimbledon,29/06/15,Grand Slam,Outdoor,Grass,1st Round,5,Gasquet R.,Saville L.,20,183,1610,280,6,3,6,2,6,2,,,,,3,0,Completed,1.05,11,1.05,9,1.05,8.5,1.08,10.15,1.08,11,1.06,9.01
39,London,Wimbledon,29/06/15,Grand Slam,Outdoor,Grass,1st Round,5,Ilhan M.,Janowicz J.,82,47,647,975,7,6,6,4,6,7,6,3,,,3,1,Completed,7,1.1,6.5,1.1,6,1.11,8.45,1.1,8.45,1.12,7.1,1.09
39,London,Wimbledon,29/06/15,Grand Slam,Outdoor,Grass,1st Round,5,Baghdatis M.,Young D.,54,58,880,830,5,7,6,2,6,4,6,4,,,3,1,Completed,1.44,2.62,1.42,2.8,1.44,2.62,1.47,2.9,1.52,2.9,1.45,2.72
39,London,Wimbledon,29/06/15,Grand Slam,Outdoor,Grass,1st Round,5,Dimitrov G.,Delbonis F.,11,73,2600,691,6,3,6,0,6,4,,,,,3,0,Completed,1.03,15,1.02,11,1.04,11,1.03,17.5,1.04,19,1.03,14.59
39,London,Wimbledon,30/06/15,Grand Slam,Outdoor,Grass,1st Round,5,Bautista R.,Bemelmans R.,22,95,1545,541,6,1,6,3,7,6,,,,,3,0,Completed,1.2,4.33,1.18,4.5,1.2,4.33,1.25,4.41,1.25,5.25,1.19,4.58
39,London,Wimbledon,30/06/15,Grand Slam,Outdoor,Grass,1st Round,5,Brown D.,Lu Y.H.,102,61,509,789,3,6,6,3,7,5,6,4,,,3,1,Completed,2.25,1.57,2.35,1.58,2.2,1.62,2.47,1.61,2.47,1.65,2.32,1.59
39,London,Wimbledon,30/06/15,Grand Slam,Outdoor,Grass,1st Round,5,Dolgopolov O.,Edmund K.,70,101,740,509,7,6,6,1,6,2,,,,,3,0,Completed,1.11,6.5,1.11,6,1.12,5.5,1.13,7.07,1.14,7.07,1.11,6.2
39,London,Wimbledon,30/06/15,Grand Slam,Outdoor,Grass,1st Round,5,Paire B.,Youzhny M.,68,76,745,685,6,4,6,4,6,3,,,,,3,0,Completed,2.75,1.4,2.7,1.45,2.62,1.44,2.73,1.52,2.75,1.53,2.63,1.47
39,London,Wimbledon,30/06/15,Grand Slam,Outdoor,Grass,1st Round,5,Tsonga J.W.,Muller G.,12,44,2565,1023,7,6,6,7,6,4,3,6,6,2,3,2,Completed,1.4,2.75,1.42,2.8,1.36,3,1.51,2.75,1.51,3,1.44,2.73
39,London,Wimbledon,30/06/15,Grand Slam,Outdoor,Grass,1st Round,5,Duckworth J.,Jaziri M.,87,84,594,622,7,6,6,2,3,6,3,6,7,5,3,2,Completed,2,1.72,2.05,1.72,1.91,1.8,1.95,1.95,2.15,1.95,2.02,1.77
39,London,Wimbledon,30/06/15,Grand Slam,Outdoor,Grass,1st Round,5,Karlovic I.,Ymer E.,25,133,1385,417,6,7,6,2,6,4,7,6,,,3,1,Completed,1.16,5,1.17,4.75,1.17,4.5,1.17,6.02,1.2,6.02,1.15,5.22
39,London,Wimbledon,30/06/15,Grand Slam,Outdoor,Grass,1st Round,5,Seppi A.,Klein B.,27,177,1280,292,6,3,6,2,6,2,,,,,3,0,Completed,1.11,6.5,1.11,6,1.11,6,1.11,8.05,1.13,8.05,1.11,6.41
39,London,Wimbledon,30/06/15,Grand Slam,Outdoor,Grass,1st Round,5,Groth S.,Sock J.,69,31,743,1215,6,3,3,6,6,3,6,3,,,3,1,Completed,2.75,1.4,2.7,1.45,2.62,1.44,2.95,1.46,3,1.5,2.73,1.43
39,London,Wimbledon,30/06/15,Grand Slam,Outdoor,Grass,1st Round,5,Basilashvili N.,Bagnis F.,153,137,351,397,6,4,7,6,6,2,,,,,3,0,Completed,1.1,7,1.11,6,1.11,6,1.13,7.05,1.18,7.05,1.11,6.24
39,London,Wimbledon,30/06/15,Grand Slam,Outdoor,Grass,1st Round,5,Nadal R.,Bellucci T.,10,42,3135,1065,6,4,6,2,6,4,,,,,3,0,Completed,1.05,11,1.06,8.5,1.06,9,1.06,12.5,1.07,42136,1.05,9.8
39,London,Wimbledon,30/06/15,Grand Slam,Outdoor,Grass,1st Round,5,Fognini F.,Smyczek T.,28,77,1250,682,6,4,6,3,6,2,,,,,3,0,Completed,1.44,2.62,1.5,2.45,1.53,2.38,1.57,2.57,1.57,2.7,1.51,2.5
39,London,Wimbledon,30/06/15,Grand Slam,Outdoor,Grass,1st Round,5,Pospisil V.,Millot V.,56,213,870,234,7,6,3,6,6,7,7,6,6,3,3,2,Completed,1.28,3.5,1.28,3.5,1.3,3.4,1.31,3.83,1.36,3.83,1.29,3.5
39,London,Wimbledon,30/06/15,Grand Slam,Outdoor,Grass,1st Round,5,Troicki V.,Nedovyesov A.,24,123,1494,457,6,1,6,4,3,6,6,3,,,3,1,Completed,1.08,8,1.09,7,1.11,6,1.09,9.16,1.11,9.16,1.09,7.37
39,London,Wimbledon,30/06/15,Grand Slam,Outdoor,Grass,1st Round,5,Ramos-Vinolas A.,Istomin D.,65,62,758,780,6,2,6,2,3,2,,,,,2,0,Retired,7,1.1,7,1.09,6,1.11,8.05,1.11,8.45,1.12,6.94,1.09
39,London,Wimbledon,30/06/15,Grand Slam,Outdoor,Grass,1st Round,5,Querrey S.,Sijsling I.,36,170,1140,310,7,5,6,3,6,4,,,,,3,0,Completed,1.16,5,1.18,4.5,1.2,4.33,1.18,5.63,1.23,5.63,1.18,4.75
39,London,Wimbledon,30/06/15,Grand Slam,Outdoor,Grass,1st Round,5,Kavcic B.,Sugita Y.,107,149,488,362,7,6,6,3,7,6,,,,,3,0,Completed,4.5,1.18,4.3,1.2,4,1.22,4.3,1.26,4.6,1.26,4.26,1.21
39,London,Wimbledon,30/06/15,Grand Slam,Outdoor,Grass,1st Round,5,Federer R.,Dzumhur D.,2,88,9665,593,6,1,6,3,6,3,,,,,3,0,Completed,1.005,34,1,25,1.01,26,1.01,41,1.01,41,1.01,24.6
39,London,Wimbledon,30/06/15,Grand Slam,Outdoor,Grass,1st Round,5,Coric B.,Stakhovsky S.,40,49,1080,929,4,6,7,6,6,2,1,6,9,7,3,2,Completed,3.75,1.25,3.75,1.25,3.75,1.25,3.92,1.3,4.25,1.3,3.78,1.26
39,London,Wimbledon,30/06/15,Grand Slam,Outdoor,Grass,1st Round,5,Lopez F.,Darcis S.,16,80,1935,664,6,2,7,6,6,4,,,,,3,0,Completed,1.11,6.5,1.11,6,1.12,5.5,1.17,5.77,1.2,6.5,1.13,5.72
39,London,Wimbledon,30/06/15,Grand Slam,Outdoor,Grass,1st Round,5,Murray A.,Kukushkin M.,3,59,7450,827,6,4,7,6,6,4,,,,,3,0,Completed,1.01,26,1.01,13,1.01,26,1.01,41,1.02,46,1.01,22.28
39,London,Wimbledon,30/06/15,Grand Slam,Outdoor,Grass,1st Round,5,Rosol L.,Gulbis E.,41,83,1067,645,7,6,6,3,7,6,,,,,3,0,Completed,2.25,1.57,2.25,1.62,2.2,1.62,2.44,1.63,2.47,1.64,2.3,1.6
39,London,Wimbledon,30/06/15,Grand Slam,Outdoor,Grass,1st Round,5,Haase R.,Falla A.,78,130,681,423,6,2,3,6,6,4,6,2,,,3,1,Completed,1.83,1.83,2.05,1.75,2,1.73,1.83,2.09,2.05,2.09,1.84,1.94
39,London,Wimbledon,30/06/15,Grand Slam,Outdoor,Grass,1st Round,5,Andujar P.,Garcia-Lopez G.,37,32,1125,1210,3,6,6,4,3,6,7,5,6,4,3,2,Completed,6,1.12,5.5,1.13,5,1.14,6.55,1.15,6.55,1.15,5.77,1.13
39,London,Wimbledon,30/06/15,Grand Slam,Outdoor,Grass,1st Round,5,Simon G.,Almagro N.,13,145,2435,370,6,4,6,4,7,5,,,,,3,0,Completed,1.2,4.33,1.18,4.5,1.2,4.5,1.25,4.46,1.25,4.84,1.21,4.35
39,London,Wimbledon,30/06/15,Grand Slam,Outdoor,Grass,1st Round,5,Mahut N.,Krajinovic F.,66,122,756,457,7,6,6,4,3,6,7,5,,,3,1,Completed,1.1,7,1.11,6,1.14,5,1.12,7.65,1.14,7.65,1.11,6.4
39,London,Wimbledon,30/06/15,Grand Slam,Outdoor,Grass,1st Round,5,Bedene A.,Stepanek R.,75,203,688,242,7,5,1,6,4,6,6,3,6,4,3,2,Completed,2.5,1.5,2.4,1.55,2.5,1.5,2.59,1.56,2.6,1.58,2.48,1.53
39,London,Wimbledon,30/06/15,Grand Slam,Outdoor,Grass,1st Round,5,Mannarino A.,Berrer M.,34,139,1188,386,6,7,6,0,6,4,6,1,,,3,1,Completed,1.36,3,1.35,3.1,1.4,2.75,1.33,3.64,1.4,3.64,1.36,3.09
39,London,Wimbledon,30/06/15,Grand Slam,Outdoor,Grass,1st Round,5,Monfils G.,Carreno-Busta P.,18,67,1885,755,6,4,6,4,7,5,,,,,3,0,Completed,1.07,9,1.07,8,1.07,7.5,1.09,9.16,1.1,10,1.07,8.23
39,London,Wimbledon,30/06/15,Grand Slam,Outdoor,Grass,1st Round,5,Ward J.,Vanni L.,111,113,483,478,6,7,6,2,6,4,6,3,,,3,1,Completed,1.53,2.37,1.52,2.45,1.53,2.38,1.6,2.5,1.6,2.61,1.53,2.45
39,London,Wimbledon,30/06/15,Grand Slam,Outdoor,Grass,1st Round,5,Berdych T.,Chardy J.,6,38,5050,1120,6,2,6,7,7,6,7,6,,,3,1,Completed,1.1,7,1.11,6,1.11,6.5,1.08,9.65,1.13,9.65,1.1,6.72
39,London,Wimbledon,30/06/15,Grand Slam,Outdoor,Grass,1st Round,5,Vesely J.,Lorenzi P.,45,89,990,588,7,6,7,6,6,4,,,,,3,0,Completed,1.06,10,1.07,8,1.08,7,1.07,11.25,1.08,11.25,1.06,8.78
39,London,Wimbledon,01/07/15,Grand Slam,Outdoor,Grass,2nd Round,5,Goffin D.,Broady L.,15,182,2010,282,7,6,6,1,6,1,,,,,3,0,Completed,1.06,10,1.04,10,1.05,8.5,1.05,13,1.06,13,1.04,10.33
39,London,Wimbledon,01/07/15,Grand Slam,Outdoor,Grass,2nd Round,5,Gasquet R.,De Schepper K.,20,163,1610,320,6,0,6,3,6,3,,,,,3,0,Completed,1.06,10,1.06,8.25,1.06,8,1.09,9.16,1.09,10,1.06,8.67
39,London,Wimbledon,01/07/15,Grand Slam,Outdoor,Grass,2nd Round,5,Dimitrov G.,Johnson S.,11,52,2600,895,7,6,6,2,7,6,,,,,3,0,Completed,1.16,5,1.16,5,1.17,4.5,1.16,6.16,1.17,6.5,1.14,5.39
39,London,Wimbledon,01/07/15,Grand Slam,Outdoor,Grass,2nd Round,5,Tomic B.,Herbert P.H.,26,151,1355,353,7,6,6,4,7,6,,,,,3,0,Completed,1.14,5.5,1.14,5.25,1.17,4.5,1.2,5.24,1.2,5.5,1.16,5.1
39,London,Wimbledon,01/07/15,Grand Slam,Outdoor,Grass,2nd Round,5,Djokovic N.,Nieminen J.,1,92,13845,564,6,4,6,2,6,3,,,,,3,0,Completed,1.005,34,1.01,13,1,34,1.01,41,1.01,61,1.01,25.87
39,London,Wimbledon,01/07/15,Grand Slam,Outdoor,Grass,2nd Round,5,Raonic M.,Haas T.,8,861,4440,20,6,0,6,2,6,7,7,6,,,3,1,Completed,1.16,5,1.16,5,1.17,5,1.17,6.02,1.17,6.02,1.15,5.37
39,London,Wimbledon,01/07/15,Grand Slam,Outdoor,Grass,2nd Round,5,Baghdatis M.,Millman J.,54,120,880,463,6,7,2,6,6,3,6,2,6,4,3,2,Completed,1.3,3.4,1.3,3.4,1.29,3.5,1.32,3.74,1.33,3.75,1.3,3.47
39,London,Wimbledon,01/07/15,Grand Slam,Outdoor,Grass,2nd Round,5,Isner J.,Ebden M.,17,148,1890,367,6,2,7,6,6,4,,,,,3,0,Completed,1.14,5.5,1.16,5,1.14,5,1.19,5.33,1.22,5.7,1.17,4.94
39,London,Wimbledon,01/07/15,Grand Slam,Outdoor,Grass,2nd Round,5,Kyrgios N.,Monaco J.,29,35,1245,1170,7,6,6,3,6,4,,,,,3,0,Completed,1.12,6,1.14,5.25,1.14,5,1.18,5.55,1.18,6.15,1.14,5.43
39,London,Wimbledon,01/07/15,Grand Slam,Outdoor,Grass,2nd Round,5,Verdasco F.,Thiem D.,43,30,1045,1235,5,7,6,4,5,7,6,3,6,4,3,2,Completed,1.53,2.37,1.55,2.4,1.5,2.5,1.63,2.44,1.65,2.6,1.56,2.4
39,London,Wimbledon,01/07/15,Grand Slam,Outdoor,Grass,2nd Round,5,Kudla D.,Zverev A.,105,74,496,689,6,3,3,6,7,6,6,4,,,3,1,Completed,1.66,2.1,1.65,2.2,1.67,2.1,1.68,2.32,1.74,2.32,1.66,2.19
39,London,Wimbledon,01/07/15,Grand Slam,Outdoor,Grass,2nd Round,5,Giraldo S.,Nishikori K.,60,5,790,5660,,,,,,,,,,,,,Walkover,5.5,1.14,5,1.16,5,1.17,6.02,1.17,6.02,1.2,5.24,1.15
39,London,Wimbledon,01/07/15,Grand Slam,Outdoor,Grass,2nd Round,5,Cilic M.,Berankis R.,9,90,3540,577,6,3,4,6,7,6,4,6,7,5,3,2,Completed,1.07,9,1.07,8,1.06,9,1.08,9.65,1.08,10.35,1.07,8.52
39,London,Wimbledon,01/07/15,Grand Slam,Outdoor,Grass,2nd Round,5,Anderson K.,Ilhan M.,14,82,2090,647,6,7,7,6,6,4,6,4,,,3,1,Completed,1.06,10,1.04,10,1.05,8.5,1.07,10.75,1.08,11,1.06,9.32
39,London,Wimbledon,01/07/15,Grand Slam,Outdoor,Grass,2nd Round,5,Mayer L.,Granollers M.,21,72,1605,715,6,3,7,6,6,3,,,,,3,0,Completed,1.36,3,1.38,3,1.4,2.75,1.42,3.14,1.42,3.3,1.37,3.01
39,London,Wimbledon,01/07/15,Grand Slam,Outdoor,Grass,2nd Round,5,Wawrinka S.,Estrella Burgos V.,4,48,5790,941,6,3,6,4,7,5,,,,,3,0,Completed,1.02,17,1.02,12,1.03,12,1.02,22.73,1.04,22.73,1.02,15.03
39,London,Wimbledon,02/07/15,Grand Slam,Outdoor,Grass,2nd Round,5,Groth S.,Duckworth J.,69,87,743,594,7,5,6,4,7,6,,,,,3,0,Completed,1.22,4,1.22,4,1.25,3.75,1.26,4.3,1.27,4.5,1.24,3.99
39,London,Wimbledon,02/07/15,Grand Slam,Outdoor,Grass,2nd Round,5,Bautista R.,Paire B.,22,68,1545,745,2,6,4,6,6,3,6,3,6,3,3,2,Completed,1.22,4,1.2,4.3,1.25,3.75,1.24,4.65,1.26,4.7,1.22,4.11
39,London,Wimbledon,02/07/15,Grand Slam,Outdoor,Grass,2nd Round,5,Ward J.,Vesely J.,111,45,483,990,6,2,7,6,3,6,6,3,,,3,1,Completed,2.75,1.4,3.1,1.35,2.75,1.44,3.15,1.41,3.2,1.45,2.97,1.38
39,London,Wimbledon,02/07/15,Grand Slam,Outdoor,Grass,2nd Round,5,Murray A.,Haase R.,3,78,7450,681,6,1,6,1,6,4,,,,,3,0,Completed,1.01,23,1.01,13,1.02,15,1.02,23.91,1.03,31,1.01,18.26
39,London,Wimbledon,02/07/15,Grand Slam,Outdoor,Grass,2nd Round,5,Simon G.,Kavcic B.,13,107,2435,488,6,1,6,1,6,7,6,1,,,3,1,Completed,1.04,13,1.04,10,1.05,8.5,1.04,16,1.05,16.22,1.03,12.14
39,London,Wimbledon,02/07/15,Grand Slam,Outdoor,Grass,2nd Round,5,Basilashvili N.,Lopez F.,153,16,351,1935,7,5,3,6,6,3,2,6,6,4,3,2,Completed,6,1.12,5.5,1.13,5,1.14,6.7,1.14,6.75,1.15,5.9,1.12
39,London,Wimbledon,02/07/15,Grand Slam,Outdoor,Grass,2nd Round,5,Pospisil V.,Fognini F.,56,28,870,1250,6,3,6,4,1,6,6,3,,,3,1,Completed,2.25,1.57,2.25,1.62,2.1,1.67,2.32,1.68,2.38,1.71,2.24,1.63
39,London,Wimbledon,02/07/15,Grand Slam,Outdoor,Grass,2nd Round,5,Seppi A.,Coric B.,27,40,1280,1080,4,6,6,4,6,7,6,1,6,1,3,2,Completed,1.22,4,1.2,4.3,1.22,4,1.23,4.72,1.25,4.75,1.21,4.22
39,London,Wimbledon,02/07/15,Grand Slam,Outdoor,Grass,2nd Round,5,Federer R.,Querrey S.,2,36,9665,1140,6,4,6,2,6,2,,,,,3,0,Completed,1.04,13,1.03,10,1.04,11,1.05,13.62,1.05,15.99,1.03,11.7
39,London,Wimbledon,02/07/15,Grand Slam,Outdoor,Grass,2nd Round,5,Tsonga J.W.,Ramos-Vinolas A.,12,65,2565,758,6,3,6,4,6,4,,,,,3,0,Completed,1.03,15,1.03,11,1.03,12,1.03,17.5,1.04,23,1.02,14.03
39,London,Wimbledon,02/07/15,Grand Slam,Outdoor,Grass,2nd Round,5,Berdych T.,Mahut N.,6,66,5050,756,6,1,6,4,6,4,,,,,3,0,Completed,1.16,5,1.18,4.5,1.17,5,1.17,6.02,1.2,6.02,1.16,5.09
39,London,Wimbledon,02/07/15,Grand Slam,Outdoor,Grass,2nd Round,5,Troicki V.,Bedene A.,24,75,1494,688,6,4,3,6,6,2,6,4,,,3,1,Completed,1.16,5,1.17,4.75,1.2,4.33,1.21,5,1.21,5.25,1.18,4.7
39,London,Wimbledon,02/07/15,Grand Slam,Outdoor,Grass,2nd Round,5,Monfils G.,Mannarino A.,18,34,1885,1188,7,6,6,3,7,5,,,,,3,0,Completed,1.33,3.25,1.33,3.2,1.36,3,1.4,3.22,1.4,3.43,1.34,3.18
39,London,Wimbledon,02/07/15,Grand Slam,Outdoor,Grass,2nd Round,5,Andujar P.,Rosol L.,37,41,1125,1067,6,4,1,6,4,6,7,6,6,4,3,2,Completed,3.25,1.33,3.2,1.33,3.25,1.33,3.28,1.39,3.43,1.39,3.22,1.33
39,London,Wimbledon,02/07/15,Grand Slam,Outdoor,Grass,2nd Round,5,Brown D.,Nadal R.,102,10,509,3135,7,5,3,6,6,4,6,4,,,3,1,Completed,7,1.11,6,1.11,6.5,1.11,8.04,1.11,8.04,1.12,6.69,1.1
39,London,Wimbledon,02/07/15,Grand Slam,Outdoor,Grass,2nd Round,5,Karlovic I.,Dolgopolov O.,25,70,1385,740,5,7,6,3,6,4,6,7,13,11,3,2,Completed,2,1.72,1.9,1.82,2.1,1.67,2.09,1.83,2.1,1.83,2.03,1.77
39,London,Wimbledon,03/07/15,Grand Slam,Outdoor,Grass,3rd Round,5,Goffin D.,Baghdatis M.,15,54,2010,880,6,3,6,4,6,2,,,,,3,0,Completed,1.53,2.5,1.5,2.5,1.53,2.5,1.57,2.6,1.61,2.7,1.52,2.5
39,London,Wimbledon,03/07/15,Grand Slam,Outdoor,Grass,3rd Round,5,Kyrgios N.,Raonic M.,29,8,1245,4440,5,7,7,5,7,6,6,3,,,3,1,Completed,2.62,1.5,2.7,1.45,2.62,1.5,2.7,1.54,2.79,1.55,2.65,1.47
39,London,Wimbledon,03/07/15,Grand Slam,Outdoor,Grass,3rd Round,5,Gasquet R.,Dimitrov G.,20,11,1610,2600,6,3,6,4,6,4,,,,,3,0,Completed,2.2,1.66,2.15,1.65,2.1,1.73,2.15,1.8,2.23,1.8,2.13,1.71
39,London,Wimbledon,03/07/15,Grand Slam,Outdoor,Grass,3rd Round,5,Wawrinka S.,Verdasco F.,4,43,5790,1045,6,4,6,3,6,4,,,,,3,0,Completed,1.16,5,1.2,4.3,1.2,4.5,1.19,5.48,1.21,5.48,1.18,4.73
39,London,Wimbledon,03/07/15,Grand Slam,Outdoor,Grass,3rd Round,5,Anderson K.,Mayer L.,14,21,2090,1605,6,4,7,6,6,3,,,,,3,0,Completed,1.44,2.75,1.42,2.8,1.44,2.75,1.5,2.85,1.51,2.9,1.43,2.75
39,London,Wimbledon,03/07/15,Grand Slam,Outdoor,Grass,3rd Round,5,Djokovic N.,Tomic B.,1,26,13845,1355,6,3,6,3,6,3,,,,,3,0,Completed,1.02,17,1.02,11.5,1.02,15,1.03,21,1.03,26.75,1.02,16.21
39,London,Wimbledon,03/07/15,Grand Slam,Outdoor,Grass,3rd Round,5,Kudla D.,Giraldo S.,105,60,496,790,6,2,6,7,2,6,6,1,6,3,3,2,Completed,1.61,2.3,1.62,2.25,1.53,2.5,1.76,2.21,1.76,2.5,1.6,2.32
39,London,Wimbledon,04/07/15,Grand Slam,Outdoor,Grass,3rd Round,5,Bautista R.,Basilashvili N.,22,153,1545,351,7,6,6,0,6,1,,,,,3,0,Completed,1.22,4.33,1.22,4,1.25,4,1.24,4.65,1.25,4.65,1.22,4.17
39,London,Wimbledon,04/07/15,Grand Slam,Outdoor,Grass,3rd Round,5,Troicki V.,Brown D.,24,102,1494,509,6,4,7,6,4,6,6,3,,,3,1,Completed,1.4,3,1.45,2.7,1.5,2.62,1.42,3.16,1.5,3.16,1.42,2.83
39,London,Wimbledon,04/07/15,Grand Slam,Outdoor,Grass,3rd Round,5,Federer R.,Groth S.,2,69,9665,743,6,4,6,4,6,7,6,2,,,3,1,Completed,1.03,15,1.03,11,1.03,12,1.04,17,1.04,20.5,1.02,14.03
39,London,Wimbledon,04/07/15,Grand Slam,Outdoor,Grass,3rd Round,5,Karlovic I.,Tsonga J.W.,25,12,1385,2565,7,6,4,6,7,6,7,6,,,3,1,Completed,2.75,1.44,2.7,1.45,3,1.4,2.84,1.5,3,1.5,2.75,1.44
39,London,Wimbledon,04/07/15,Grand Slam,Outdoor,Grass,3rd Round,5,Cilic M.,Isner J.,9,17,3540,1890,7,6,6,7,6,4,6,7,12,10,3,2,Completed,1.66,2.2,1.7,2.1,1.67,2.2,1.67,2.38,1.8,2.38,1.69,2.15
39,London,Wimbledon,04/07/15,Grand Slam,Outdoor,Grass,3rd Round,5,Pospisil V.,Ward J.,56,111,870,483,6,4,3,6,2,6,6,3,8,6,3,2,Completed,1.4,3,1.4,2.9,1.4,3,1.46,3,1.46,3.07,1.41,2.85
39,London,Wimbledon,04/07/15,Grand Slam,Outdoor,Grass,3rd Round,5,Berdych T.,Andujar P.,6,37,5050,1125,4,6,6,0,6,3,7,6,,,3,1,Completed,1.04,13,1.03,11,1.03,12,1.04,17,1.05,20,1.03,12.71
39,London,Wimbledon,04/07/15,Grand Slam,Outdoor,Grass,3rd Round,5,Murray A.,Seppi A.,3,27,7450,1280,6,2,6,2,1,6,6,1,,,3,1,Completed,1.03,15,1.03,11,1.03,12,1.04,18,1.05,20.67,1.03,13.65
39,London,Wimbledon,04/07/15,Grand Slam,Outdoor,Grass,3rd Round,3,Simon G.,Monfils G.,13,18,2435,1885,3,6,6,3,7,6,2,6,6,2,3,2,Completed,1.72,2.1,1.68,2.15,1.8,2,1.72,2.28,1.9,2.28,1.72,2.11
39,London,Wimbledon,06/07/15,Grand Slam,Outdoor,Grass,4th Round,5,Gasquet R.,Kyrgios N.,20,29,1610,1245,7,5,6,1,6,7,7,6,,,3,1,Completed,1.8,2,2.05,1.72,1.91,1.8,1.85,2.08,2.05,2.13,1.86,1.94
39,London,Wimbledon,06/07/15,Grand Slam,Outdoor,Grass,4th Round,5,Pospisil V.,Troicki V.,56,24,870,1494,4,6,6,7,6,4,6,3,6,3,3,2,Completed,3.4,1.33,3.4,1.3,3.25,1.36,3.73,1.33,3.77,1.36,3.4,1.32
39,London,Wimbledon,06/07/15,Grand Slam,Outdoor,Grass,4th Round,5,Murray A.,Karlovic I.,3,25,7450,1385,7,6,6,4,5,7,6,4,,,3,1,Completed,1.1,7,1.08,7.5,1.08,8,1.11,8.44,1.12,9,1.09,7.33
39,London,Wimbledon,06/07/15,Grand Slam,Outdoor,Grass,4th Round,5,Wawrinka S.,Goffin D.,4,15,5790,2010,7,6,7,6,6,4,,,,,3,0,Completed,1.2,4.5,1.2,4.3,1.22,4.33,1.31,3.92,1.31,4.75,1.22,4.22
39,London,Wimbledon,06/07/15,Grand Slam,Outdoor,Grass,4th Round,5,Cilic M.,Kudla D.,9,105,3540,496,6,4,4,6,6,3,7,5,,,3,1,Completed,1.14,5.5,1.16,5,1.17,5,1.22,4.92,1.22,5.72,1.16,5.09
39,London,Wimbledon,06/07/15,Grand Slam,Outdoor,Grass,4th Round,5,Simon G.,Berdych T.,13,6,2435,5050,6,3,6,3,6,2,,,,,3,0,Completed,3.5,1.3,3.5,1.28,3,1.36,3.67,1.34,3.67,1.36,3.34,1.32
39,London,Wimbledon,06/07/15,Grand Slam,Outdoor,Grass,4th Round,5,Federer R.,Bautista R.,2,22,9665,1545,6,2,6,2,6,3,,,,,3,0,Completed,1.04,13,1.04,10,1.04,11,1.05,14.8,1.06,14.8,1.04,11.45
39,London,Wimbledon,07/07/15,Grand Slam,Outdoor,Grass,4th Round,5,Djokovic N.,Anderson K.,1,14,13845,2090,6,7,6,7,6,1,6,4,7,5,3,2,Completed,1.03,15,1.03,11,1.03,12,1.04,17,1.05,17.5,1.03,13.45
39,London,Wimbledon,08/07/15,Grand Slam,Outdoor,Grass,Quarterfinals,5,Murray A.,Pospisil V.,3,56,7450,870,6,4,7,5,6,4,,,,,3,0,Completed,1.03,15,1.03,11,1.03,12,1.03,19,1.05,19,1.03,13.75
39,London,Wimbledon,08/07/15,Grand Slam,Outdoor,Grass,Quarterfinals,5,Federer R.,Simon G.,2,13,9665,2435,6,3,7,5,6,2,,,,,3,0,Completed,1.11,6.5,1.12,5.75,1.12,6,1.15,6.55,1.15,6.6,1.13,6.09
39,London,Wimbledon,08/07/15,Grand Slam,Outdoor,Grass,Quarterfinals,5,Gasquet R.,Wawrinka S.,20,4,1610,5790,6,4,4,6,3,6,6,4,11,9,3,2,Completed,2.75,1.44,2.7,1.45,2.75,1.44,2.74,1.53,2.8,1.55,2.68,1.47
39,London,Wimbledon,08/07/15,Grand Slam,Outdoor,Grass,Quarterfinals,5,Djokovic N.,Cilic M.,1,9,13845,3540,6,4,6,4,6,4,,,,,3,0,Completed,1.08,7.5,1.12,5.75,1.07,8.5,1.1,8.73,1.13,9,1.09,7.57
39,London,Wimbledon,10/07/15,Grand Slam,Outdoor,Grass,Semifinals,5,Djokovic N.,Gasquet R.,1,20,13845,1610,7,6,6,4,6,4,,,,,3,0,Completed,1.06,10,1.07,8,1.06,9,1.07,11.5,1.1,13,1.07,9.37
39,London,Wimbledon,10/07/15,Grand Slam,Outdoor,Grass,Semifinals,5,Federer R.,Murray A.,2,3,9665,7450,7,5,7,5,6,4,,,,,3,0,Completed,1.9,1.9,1.95,1.8,1.91,1.91,1.99,1.95,2.05,2,1.96,1.88
39,London,Wimbledon,12/07/15,Grand Slam,Outdoor,Grass,The Final,5,Djokovic N.,Federer R.,1,2,13845,9665,7,6,6,7,6,4,6,3,,,3,1,Completed,1.83,2,1.82,1.9,1.83,2,1.91,2.04,2,2.1,1.91,1.96
